"name";"code";"price";"old_price";"availability";"url";"category"
"Торшер Odeon Light 751353";"751353";"24560";"";"В наличии";"https://www.lustrof.ru/751353_torsher_odeon_light_foden_hightech_7101_15fl/";"Интерьерные светильники"
"Торшер Arte Lamp 436886";"436886";"15990";"";"В наличии";"https://www.lustrof.ru/436886_torsher_arte_lamp_paolo_a4060pn-1cc/";"Интерьерные светильники"
"Торшер изогнутый в наборе с Led лампами. Комплект от Lustrof №708764";"708764";"15990";"";"В наличии";"https://www.lustrof.ru/708764/";"Интерьерные светильники"
"Торшер Arte Lamp 94688";"94688";"10990";"";"В наличии";"https://www.lustrof.ru/94688_torsher_arte_lamp_braccio_a2054pn-1wh/";"Интерьерные светильники"
"Торшер с лампочкой Arte lamp 745978";"745978";"10990";"";"В наличии";"https://www.lustrof.ru/745978/";"Интерьерные светильники"
"146261 Светодиодный торшер LGO MARBLE";"146261";"28330";"";"В наличии";"https://www.lustrof.ru/146261-GRLSP-0539/";"Интерьерные светильники"
"Торшер Lussole Loft 332531";"332531";"40150";"";"В наличии";"https://www.lustrof.ru/332531/";"Интерьерные светильники"
"Торшер Arte Lamp 94687";"94687";"10990";"";"В наличии";"https://www.lustrof.ru/94687_torsher_arte_lamp_braccio_a2054pn-1bk/";"Интерьерные светильники"
"Торшер с лампочками. Комплект от Lustrof. №616712";"616712";"20990";"";"В наличии";"https://www.lustrof.ru/616712/";"Интерьерные светильники"
"Торшер с лампочкой Arte lamp 745977";"745977";"20990";"";"В наличии";"https://www.lustrof.ru/745977/";"Интерьерные светильники"
"Торшер светодиодный Lucide Gilly 297750";"297750";"13080";"";"В наличии";"https://www.lustrof.ru/297750_36712_05_31/";"Интерьерные светильники"
"Торшер Divinare 726559";"726559";"19990";"";"В наличии";"https://www.lustrof.ru/726559_torsher_divinare_malcone_2623_06_pn-9/";"Интерьерные светильники"
"Торшер изогнутый в наборе с Led лампами. Комплект от Lustrof №708811";"708811";"30028";"";"В наличии";"https://www.lustrof.ru/708811/";"Интерьерные светильники"
"Торшер изогнутый хром Lussole Lgo 438941";"438941";"17400";"";"В наличии";"https://www.lustrof.ru/438941_torsher_izognutyi_khrom_lussole_lgo_lsp-0644/";"Интерьерные светильники"
"Торшер Arte Lamp Goliath 40098";"40098";"20990";"";"В наличии";"https://www.lustrof.ru/40098_torsher_arte_lamp_goliath_a5822pn-1ss/";"Интерьерные светильники"
"136256 Торшер Maytoni";"136256";"23990";"";"В наличии";"https://www.lustrof.ru/136256-Z329-FL-01-CH/";"Интерьерные светильники"
"Торшер с лампочкой Arte lamp 745986";"745986";"15990";"";"В наличии";"https://www.lustrof.ru/745986/";"Интерьерные светильники"
"Торшер изогнутый в наборе с Led лампами. Комплект от Lustrof №708763";"708763";"15990";"";"В наличии";"https://www.lustrof.ru/708763/";"Интерьерные светильники"
"97814 Торшер ST-Luce MARCIA";"97814";"23936";"";"В наличии";"https://www.lustrof.ru/97814-SL460-105-01/";"Интерьерные светильники"
"Торшер Eurosvet 518500 (a062045)";"518500";"15900";"";"В наличии";"https://www.lustrof.ru/518500_torsher_eurosvet_01143_1__a062045_/";"Интерьерные светильники"
"Торшер Velante 657396";"657396";"30028";"";"В наличии";"https://www.lustrof.ru/657396_torsher_velante_532-715-01/";"Интерьерные светильники"
"Торшер Camelion C02 черный";"189755";"4486";"";"В наличии";"https://www.lustrof.ru/189755-KD-332--C02/";"Интерьерные светильники"
"Торшер с лампочками. Комплект от Lustrof. №616713";"616713";"10990";"";"В наличии";"https://www.lustrof.ru/616713/";"Интерьерные светильники"
"Торшер изогнутый белый Lussole Lgo 438939";"438939";"15399";"";"В наличии";"https://www.lustrof.ru/438939_torsher_izognutyi_belyi_lussole_lgo_lsp-0643/";"Интерьерные светильники"
"Торшер изогнутый Lumion Ledio Wes 681937";"681937";"15390";"";"В наличии";"https://www.lustrof.ru/681937_torsher_izognutyi_lumion_ledio_wes_5676_21fl/";"Интерьерные светильники"
"Торшер с лампочкой Eglo 745990";"745990";"38090";"";"В наличии";"https://www.lustrof.ru/745990/";"Интерьерные светильники"
"Торшер Lussole Loft Weston 369140";"369140";"19550";"21533";"В наличии";"https://www.lustrof.ru/torsher_lussole_loft_weston_lsp-0608/";"Интерьерные светильники"
"Торшер с лампочками. Комплект от Lustrof. №616722";"616722";"20990";"";"В наличии";"https://www.lustrof.ru/616722/";"Интерьерные светильники"
"126430 Торшер Kink Light";"126430";"24900";"";"В наличии";"https://www.lustrof.ru/7063-16-torsher-kink-light-alfasi/";"Интерьерные светильники"
"Торшер с лампочкой Arte lamp 745982";"745982";"20990";"";"В наличии";"https://www.lustrof.ru/745982/";"Интерьерные светильники"
"Торшер с лампочками. Комплект от Lustrof. №616715";"616715";"10990";"";"В наличии";"https://www.lustrof.ru/616715/";"Интерьерные светильники"
"Торшер Maytoni 98513";"98513";"23990";"";"В наличии";"https://www.lustrof.ru/98513_torsher_maytoni_nevada_z328-fl-01-b/";"Интерьерные светильники"
"Светильник с лампами светодиодными, комплект от Lustrof. №618409";"618409";"7900";"";"В наличии";"https://www.lustrof.ru/618409/";"Интерьерные светильники"
"Торшер Paolo Arte lamp 282343";"282343";"20990";"";"В наличии";"https://www.lustrof.ru/282343_torsher_paolo_arte_lamp_a5822pn-1pb/";"Интерьерные светильники"
"Торшер Arte Lamp 436885";"436885";"15990";"";"В наличии";"https://www.lustrof.ru/436885_torsher_arte_lamp_paolo_a4060pn-1pb/";"Интерьерные светильники"
"Готовый комплект шинной однофазной системы Favourite 385034";"385034";"7900";"";"В наличии";"https://www.lustrof.ru/385034_gotovyi_komplekt_shinnoi_odnofaznoi_sistemy_favourite_imago_4022-3u/";"Интерьерные светильники"
"Торшер Lussole Lgo 130664";"130664";"46884";"52093";"В наличии";"https://www.lustrof.ru/130664_torsher_lussole_lgo_lsp-0505/";"Интерьерные светильники"
"99595 Торшер Lussole Lgo";"99595";"28038";"";"В наличии";"https://www.lustrof.ru/99595-LSP-0539/";"Интерьерные светильники"
"Готовый комплект шинной однофазной системы Favourite 385037";"385037";"4800";"13300";"В наличии";"https://www.lustrof.ru/385037_gotovyi_komplekt_shinnoi_odnofaznoi_sistemy_favourite_imago_4025-3u/";"Интерьерные светильники"
"Готовый комплект шинной однофазной системы Favourite 385038";"385038";"8900";"";"В наличии";"https://www.lustrof.ru/385038_gotovyi_komplekt_shinnoi_odnofaznoi_sistemy_favourite_imago_4026-3u/";"Интерьерные светильники"
"Готовый комплект шинной однофазной системы Favourite 385039";"385039";"4200";"12100";"В наличии";"https://www.lustrof.ru/385039_gotovyi_komplekt_shinnoi_odnofaznoi_sistemy_favourite_imago_4027-3u/";"Интерьерные светильники"
"Шинные системы с Led лампочками в комплекте Favourite 745034";"745034";"5310";"";"В наличии";"https://www.lustrof.ru/745034/";"Интерьерные светильники"
"Шинные системы с Led лампочками в комплекте Favourite 745036";"745036";"8900";"";"В наличии";"https://www.lustrof.ru/745036/";"Интерьерные светильники"
"Спот с лампочками. Комплект от Lustrof. №616636";"616636";"1120";"";"В наличии";"https://www.lustrof.ru/616636/";"Интерьерные светильники"
"Спот с лампочкой Ambrella light 747121";"747121";"1500";"";"В наличии";"https://www.lustrof.ru/747121/";"Интерьерные светильники"
"Спот Arte Lamp Nahn 444813";"444813";"590";"";"В наличии";"https://www.lustrof.ru/444813_spot_arte_lamp_nahn_a3221pl-1wh/";"Интерьерные светильники"
"Спот Ambrella light 277745 (00-00002972)";"277745";"2760";"";"В наличии";"https://www.lustrof.ru/277745-FW281/";"Интерьерные светильники"
"Спот с лампочкой Novotech Brill 401100";"401100";"2210";"";"В наличии";"https://www.lustrof.ru/401100/";"Интерьерные светильники"
"Светодиодный линейный светильник Ultraflash 8-02 248554";"248554";"573";"";"В наличии";"https://www.lustrof.ru/248554-14108/";"Интерьерные светильники"
"58479 Светодиодный светильник-спот Eglo";"58479";"4990";"5268";"В наличии";"https://www.lustrof.ru/95482-svetodiodnyy-svetilnik-spot-eglo-nocito/";"Интерьерные светильники"
"Светильник спот с Led лампочками в комплекте Rivoli 745093";"745093";"2134";"";"В наличии";"https://www.lustrof.ru/745093/";"Интерьерные светильники"
"Светодиодный спот Elektrostandard 85268/01 белый/черный (a058263)";"404737";"1090";"";"В наличии";"https://www.lustrof.ru/404737_svetodiodnyi_spot_elektrostandard_diffe_85268_01_belyi_chernyi__a058263_/";"Интерьерные светильники"
"Линейный светодиодный светильник Эра -0-40K-036 (259575)";"259575";"1292";"";"В наличии";"https://www.lustrof.ru/259575_lineinyi_svetodiodnyi_svetilnik_era_spp-201-0-40k-036__b0047174_/";"Интерьерные светильники"
"Светодиодный линейный светильник Ultraflash 9-02 248556";"248556";"483";"";"В наличии";"https://www.lustrof.ru/248556-14110/";"Интерьерные светильники"
"Спот Eurosvet 332170 (a058316)";"332170";"3740";"";"В наличии";"https://www.lustrof.ru/332170-20126_1_LED_chernyi_zhemchug/";"Интерьерные светильники"
"Спот Arte Lamp 34806";"34806";"2490";"";"В наличии";"https://www.lustrof.ru/34806_spot_arte_lamp_lettura_a7009ap-1br/";"Интерьерные светильники"
"133498 Спот Citilux";"133498";"2299";"";"В наличии";"https://www.lustrof.ru/spot-citilux-opus-cl502513/";"Интерьерные светильники"
"Светодиодный линейный светильник Ultraflash 189987 13549";"189987";"483";"";"В наличии";"https://www.lustrof.ru/189987_svetodiodnyi_lineinyi_svetilnik_ultraflash_lwl-5029-02_13549/";"Интерьерные светильники"
"Потолочный светодиодный светильник ЭРА -0-40K-018 241339";"241339";"346";"";"В наличии";"https://www.lustrof.ru/241339-B0045366/";"Интерьерные светильники"
"Светодиодный модуль с управлением от датчика прикосновения Эра (173296)";"173296";"1636";"";"В наличии";"https://www.lustrof.ru/173296_svetodiodnyi_modul_s_upravleniem_ot_datchika_prikosnoveniia_era_lm-5-840-c1__c0043306_/";"Интерьерные светильники"
"Комплект 3шт. Спот Arte Lamp Nodo 739592";"739592";"4170";"";"В наличии";"https://www.lustrof.ru/739592/";"Интерьерные светильники"
"Спот с лампочкой Arte lamp 751727";"751727";"1795";"";"В наличии";"https://www.lustrof.ru/751727/";"Интерьерные светильники"
"Спот со светодиодной лампочкой E27, комплект от Lustrof. №642483";"642483";"2820";"";"В наличии";"https://www.lustrof.ru/642483/";"Интерьерные светильники"
"Мебельный светильник с пультом ДУ Odeon Light 725164";"725164";"35990";"";"В наличии";"https://www.lustrof.ru/725164_mebelnyi_svetilnik_s_pultom_du_odeon_light_waterfall_hightech_7027_72fl/";"Интерьерные светильники"
"Мебельный светодиодный светильник ЭРА LLED-02-16W-4000-MS-W 161751";"161751";"823";"";"В наличии";"https://www.lustrof.ru/mebelnyy-svetodiodnyy-svetilnik-era-lineynyy-lled-02-16w-4000-ms-w/";"Интерьерные светильники"
"124200 Спот Lucia Tucci";"124200";"2600";"3250";"В наличии";"https://www.lustrof.ru/spot-lucia-tucci-natura-w163-1/";"Интерьерные светильники"
"Мебельный светодиодный светильник ЭРА LLED-01-16W-4000-W 161746";"161746";"437";"";"В наличии";"https://www.lustrof.ru/161746_mebelnyi_svetodiodnyi_svetilnik_era_lled-01-16w-4000-w_b0017428/";"Интерьерные светильники"
"Встраиваемый ультратонкий светильник Eglo Fueva-C (96668)";"93935";"4788";"";"В наличии";"https://www.lustrof.ru/93935_vstraivaemyi_ultratonkii_svetilnik_eglo_fueva-c__96668_/";"Интерьерные светильники"
"Встраиваемый спот ST-Luce 257937";"257937";"1450";"";"В наличии";"https://www.lustrof.ru/257937_vstraivaemyi_spot_st-luce_dario_st303_508_01/";"Интерьерные светильники"
"Спот Novotech Slim 369539";"369539";"1510";"";"В наличии";"https://www.lustrof.ru/spot_novotech_slim_370868_/";"Интерьерные светильники"
"Линейный светодиодный светильник Elektrostandard 368757 (a057222)";"368757";"2770";"";"В наличии";"https://www.lustrof.ru/lineyniy-svetodiodniy-svetilnik-elektrostandard-led-stick-t5-120sm-104led-22w-6500k-55002-led-a057222/";"Интерьерные светильники"
"Настенный светильник Arte Lamp 726535";"726535";"5990";"";"В наличии";"https://www.lustrof.ru/726535_nastennyi_svetilnik_arte_lamp_chic_a2126ap-8bk/";"Интерьерные светильники"
"Линейный светодиодный светильник Elektrostandard 368758 (a057220)";"368758";"2500";"";"В наличии";"https://www.lustrof.ru/368758_lineinyi_svetodiodnyi_svetilnik_elektrostandard_led_stick_t5_90sm_84led_18w_6500k__55001_led___a057220_/";"Интерьерные светильники"
"384467 Спот Lightstar (комплект из 214431+590007+201431)";"384467";"2697";"";"В наличии";"https://www.lustrof.ru/rb43130_spot_rullo_lightstar__komplekt_iz_214431_590007_201431_/";"Интерьерные светильники"
"Спот со светодиодной лапочкой GU10, комплект от Lustrof. №668074";"668074";"4870";"";"В наличии";"https://www.lustrof.ru/668074/";"Интерьерные светильники"
"Спот светодиодный Maytoni 240477";"240477";"4690";"";"В наличии";"https://www.lustrof.ru/240477-C038WL-L3B3K/";"Интерьерные светильники"
"Потолочный светодиодный светильник ЭРА -0-40K-018 241335";"241335";"357";"";"В наличии";"https://www.lustrof.ru/241335-B0045362/";"Интерьерные светильники"
"00188149 Мебельный светодиодный светильник Lightstar";"188149";"1199";"";"В наличии";"https://www.lustrof.ru/188149-3450/";"Интерьерные светильники"
"Модульная система освещения ЭРА LM-3-840-A1 163717";"163717";"1302";"";"В наличии";"https://www.lustrof.ru/163717-C0043302/";"Интерьерные светильники"
"Спот F-Promo 333037";"333037";"5900";"";"В наличии";"https://www.lustrof.ru/333037_3004_1W/";"Интерьерные светильники"
"Светодиодный спот Elektrostandard 25029/Led белый (a061108)";"404646";"4850";"";"В наличии";"https://www.lustrof.ru/404646_svetodiodnyi_spot_elektrostandard_pika_25029_led_belyi__a061108_/";"Интерьерные светильники"
"Светодиодный линейный светильник Ultraflash 189986 13548";"189986";"333";"";"В наличии";"https://www.lustrof.ru/189986_svetodiodnyi_lineinyi_svetilnik_ultraflash_lwl-5029-01_13548/";"Интерьерные светильники"
"00188145 Мебельный светодиодный светильник Lightstar";"188145";"1199";"";"В наличии";"https://www.lustrof.ru/188145-3351/";"Интерьерные светильники"
"Мебельный светодиодный светильник Эра LLED-01-16W-6500-W 161747";"161747";"437";"";"В наличии";"https://www.lustrof.ru/161747_mebelnyi_svetodiodnyi_svetilnik_era_lled-01-16w-6500-w_b0019782/";"Интерьерные светильники"
"Спот Ambrella light 624284";"624284";"1690";"";"В наличии";"https://www.lustrof.ru/624284_spot_ambrella_light_techno_spot_tn51592/";"Интерьерные светильники"
"Спот Novotech Ular 369556";"369556";"1530";"";"В наличии";"https://www.lustrof.ru/spot_novotech_ular_370885_/";"Интерьерные светильники"
"Линейный светодиодный светильник Эра -0-65K-018 (259574)";"259574";"889";"";"В наличии";"https://www.lustrof.ru/259574_lineinyi_svetodiodnyi_svetilnik_era_spp-201-0-65k-018__b0047173_/";"Интерьерные светильники"
"Спот с лампочками. Комплект от Lustrof. №616616";"616616";"1465";"";"В наличии";"https://www.lustrof.ru/616616/";"Интерьерные светильники"
"Спот Eglo Cotorro 385587";"385587";"6890";"8268";"В наличии";"https://www.lustrof.ru/385587_spot_eglo_cotorro_900434/";"Интерьерные светильники"
"Потолочный светодиодный светильник ЭРА -0-40K-036 241337";"241337";"426";"";"В наличии";"https://www.lustrof.ru/241337-B0045364/";"Интерьерные светильники"
"Декоративная подсветка Arte Lamp Zaurak 679635";"679635";"1690";"";"В наличии";"https://www.lustrof.ru/679635_dekorativnaia_podsvetka_arte_lamp_zaurak_a2697ap-10wh/";"Интерьерные светильники"
"Линейный светодиодный светильник Эра -0-65K-048 (259580)";"259580";"2063";"";"В наличии";"https://www.lustrof.ru/259580_lineinyi_svetodiodnyi_svetilnik_era_spp-201-0-65k-048__b0047179_/";"Интерьерные светильники"
"Основание для магнитной модульной системы Donolux 247136";"247136";"28586";"";"Нет в наличии";"https://www.lustrof.ru/247136-DL20221D600-Black/";"Интерьерные светильники"
"Встраиваемый светодиодный спот Elektrostandard 25040/Led серебряный (a058227)";"404758";"749";"";"В наличии";"https://www.lustrof.ru/404758_vstraivaemyi_svetodiodnyi_spot_elektrostandard_diffe_25040_led_serebrianyi__a058227_/";"Интерьерные светильники"
"358378 Спот без драйвера для 358367-358376 Konst NT20 038 Novotech Compo";"258314";"1870";"";"В наличии";"https://www.lustrof.ru/258314-358378/";"Интерьерные светильники"
"Мебельный светодиодный светильник Led Stick Elektrostandard LTB74 (a053402)";"280182";"612";"";"В наличии";"https://www.lustrof.ru/280182-LTB74/";"Интерьерные светильники"
"Модульная система освещения ЭРА LM-3-840-A1-addl 163718";"163718";"801";"";"В наличии";"https://www.lustrof.ru/163718-C0045070/";"Интерьерные светильники"
"Линейный светодиодный светильник Elektrostandard Led 55001/LED (a057219)";"384894";"2500";"";"В наличии";"https://www.lustrof.ru/lineinyi_svetodiodnyi_svetilnik_elektrostandard_led_stick_55001-led__a057219_/";"Интерьерные светильники"
"Основание для магнитной модульной системы Donolux 247137";"247137";"29626";"";"Нет в наличии";"https://www.lustrof.ru/247137-DL20221D600-Black-Bronze/";"Интерьерные светильники"
